id,name,url,difficulty,topics,routes,acceptance_rate,c_rate,my_rate,notes,explanation,solved,my_solution
1,Two Sum,https://www.leetcode.com/problems/two-sum,Easy,"Array, Hash Table","Sixty Basic,Top Liked,Top Interview,Blind 75, Grind 75",49.07%,151.07,141.07,,,TRUE,
13,Roman to Integer,https://www.leetcode.com/problems/roman-to-integer,Easy,"Hash Table, Math, String",Top Interview,58.24%,118.24,100.24,,,TRUE,
20,Valid Parentheses,https://www.leetcode.com/problems/valid-parentheses,Easy,"String, Stack","Sixty Basic,Top Liked,Top Interview,Blind 75, Grind 75",40.67%,136.67,126.67,"push opening brace on stack, pop if matching close brace, at end if stack empty, return true;",https://youtu.be/WTzjTskDFMg,TRUE,
21,Merge Two Sorted Lists,https://www.leetcode.com/problems/merge-two-sorted-lists,Easy,"Linked List, Recursion","Top Liked,Top Interview,Blind 75, Grind 75",61.85%,145.85,125.85,insert each node from one list into the other,https://youtu.be/XIdigk956u0,TRUE,
35,Search Insert Position,https://www.leetcode.com/problems/search-insert-position,Easy,"Array, Binary Search","Sixty Basic,Top Liked",42%,110.00,102.00,,https://www.youtube.com/watch?v=K-RYzDZkzCI,TRUE,
121,Best Time to Buy and Sell Stock,https://www.leetcode.com/problems/best-time-to-buy-and-sell-stock,Easy,"Array, DP","Sixty Basic,Top Liked,Top Interview,Blind 75, Grind 75",54.47%,140.47,130.47,"find local min and search for local max, sliding window;",https://youtu.be/1pkOgXD63yU,TRUE,
125,Valid Palindrome,https://www.leetcode.com/problems/valid-palindrome,Easy,"Two Pointers, String","Top Interview,Blind 75, Grind 75",43.59%,111.59,91.59,"left, right pointers, update left and right until each points at alphanum, compare left and right, continue until left >= right, don’t distinguish between upper/lowercase;",https://youtu.be/jJXJ16kPFWg,TRUE,
169,Majority Element,https://www.leetcode.com/problems/majority-element,Easy,"Array, Hash Table, Divide and Conquer, Sorting, Counting","Top Liked,Top Interview",63.84%,143.84,125.84,,,TRUE,
217,Contains Duplicate,https://www.leetcode.com/problems/contains-duplicate,Easy,"Array, Hash Table, Sorting","Top Interview,Blind 75, Grind 75",61.28%,161.28,141.28,"hashset to get unique values in array, to check for duplicates easily",https://youtu.be/3OamzN90kPg,TRUE,
242,Valid Anagram,https://www.leetcode.com/problems/valid-anagram,Easy,"Hash Table, String, Sorting","Top Interview,Blind 75, Grind 75",62.73%,156.73,136.73,"hashmap to count each char in str1, decrement for str2;",https://youtu.be/9UtInBqnCgA,TRUE,
704,Binary Search,https://www.leetcode.com/problems/hexspeak,Easy,"Array, Binary Search",Grind 75,55.07%,123.07,105.07,,,TRUE,
41,First Missing Positive,https://www.leetcode.com/problems/first-missing-positive,Hard,"Array, Hash Table","Top Liked,Top Interview",36.53%,71.53,62.53,,,TRUE,
206,Reverse Linked List,https://www.leetcode.com/problems/reverse-linked-list,Easy,"Linked List, Recursion","Sixty Basic,Top Liked,Top Interview,Blind 75, Grind 75",72.43%,164.43,154.43,"iterate through maintaining cur and prev; recursively reverse, return new head of list",https://youtu.be/G0_I-ZF0S38,TRUE,
347,Top K Frequent Elements,https://www.leetcode.com/problems/top-k-frequent-elements,Medium,"Array, Hash Table, Divide and Conquer, Sorting, Priority Queue, Bucket Sort, Counting, Quickselect","Sixty Basic,Top Liked,Top Interview,Blind 75, Grind 75",64.80%,148.80,141.30,"minheap that’s kept at size k, if its bigger than k pop the min, by the end it should be left with k largest;",https://youtu.be/YPTqKIgVk-k,TRUE,
2,Add Two Numbers,https://www.leetcode.com/problems/add-two-numbers,Medium,"Linked List, Math, Recursion","Sixty Basic,Top Liked,Top Interview",39.76%,77.26,84.76,,,,
3,Longest Substring Without Repeating Characters,https://www.leetcode.com/problems/longest-substring-without-repeating-characters,Medium,"Hash Table, String, Sliding Window","Sixty Basic,Top Liked,Top Interview,Blind 75, Grind 75",33.78%,92.28,98.28,"sliding window, if we see same char twice within curr window, shift start position;",https://youtu.be/wiGpQwVHdE0,,
4,Median of Two Sorted Arrays,https://www.leetcode.com/problems/median-of-two-sorted-arrays,Hard,"Array, Binary Search, Divide and Conquer","Top Liked,Top Interview",35.23%,61.23,61.23,,,,
5,Longest Palindromic Substring,https://www.leetcode.com/problems/longest-palindromic-substring,Medium,"String, DP","Top Liked,Top Interview,Blind 75, Grind 75",32.41%,72.91,71.41,"foreach char in str, consider it were the middle, consider if pali was odd or even;",https://youtu.be/XYQecbcd6_c,,
6,Zigzag Conversion,https://www.leetcode.com/problems/zigzag-conversion,Medium,String,Sixty Basic,43.08%,61.08,68.58,,,,
7,Reverse Integer,https://www.leetcode.com/problems/reverse-integer,Medium,Math,Top Interview,27.22%,36.22,36.22,,,,
8,String to Integer (atoi),https://www.leetcode.com/problems/string-to-integer-atoi,Medium,String,"Sixty Basic,Top Interview",16.62%,42.12,49.62,,,,
10,Regular Expression Matching,https://www.leetcode.com/problems/regular-expression-matching,Hard,"String, DP, Recursion",Top Interview,28.24%,46.24,46.24,,,,
11,Container With Most Water,https://www.leetcode.com/problems/container-with-most-water,Medium,"Array, Two Pointers, Greedy","Top Liked,Top Interview,Blind 75, Grind 75",54.33%,99.33,97.83,"shrinking window, left/right initially at endpoints, shift the pointer with min height;",https://youtu.be/UuiTKBwPgAo,,
14,Longest Common Prefix,https://www.leetcode.com/problems/longest-common-prefix,Easy,String,Top Interview,40.77%,66.77,66.77,,,,
15,3Sum,https://www.leetcode.com/problems/3sum,Medium,"Array, Two Pointers, Sorting","Top Liked,Top Interview,Blind 75, Grind 75",32.28%,84.78,83.28,"sort input, for each first element, find next two where -a = b+c, if a=prevA, skip a, if b=prevB skip b to elim duplicates; to find b,c use two pointers, left/right on remaining list;",https://youtu.be/jzZsG8n2R9A,,
17,Letter Combinations of a Phone Number,https://www.leetcode.com/problems/letter-combinations-of-a-phone-number,Medium,"Hash Table, String, Backtracking","Top Liked,Top Interview",55.60%,90.10,90.10,,,,
19,Remove Nth Node From End of List,https://www.leetcode.com/problems/remove-nth-node-from-end-of-list,Medium,"Linked List, Two Pointers","Top Liked,Top Interview,Blind 75, Grind 75",39.95%,81.95,80.45,"use dummy node at head of list, compute len of list; two pointers, second has offset of n from first;",https://youtu.be/XVuQxVej6y8,,
22,Generate Parentheses,https://www.leetcode.com/problems/generate-parentheses,Medium,"String, DP, Backtracking","Sixty Basic,Top Liked,Top Interview",71.87%,100.37,107.87,,,,
23,Merge k Sorted Lists,https://www.leetcode.com/problems/merge-k-sorted-lists,Hard,"Linked List, Divide and Conquer, Priority Queue, Merge Sort","Top Liked,Top Interview,Blind 75, Grind 75",48.39%,76.39,75.39,"divied and conquer, merge lists, N totalnodes, k-lists, O(N*logk). For each list, find min val, insert it into list, use priorityQ to optimize finding min O(N*logk)",https://youtu.be/q5a5OiGbT6Q,,
24,Swap Nodes in Pairs,https://www.leetcode.com/problems/swap-nodes-in-pairs,Medium,"Linked List, Recursion",Top Liked,60.38%,84.38,84.38,,,,
25,Reverse Nodes in k-Group,https://www.leetcode.com/problems/reverse-nodes-in-k-group,Hard,"Linked List, Recursion",Top Liked,53.54%,69.54,69.54,,,,
26,Remove Duplicates from Sorted Array,https://www.leetcode.com/problems/remove-duplicates-from-sorted-array,Easy,"Array, Two Pointers",Top Interview,50.37%,82.37,82.37,,,,
28,Find the Index of the First Occurrence in a String,https://www.leetcode.com/problems/find-the-index-of-the-first-occurrence-in-a-string,Medium,"Two Pointers, String, String Matching",Top Interview,37.55%,57.05,57.05,,,,
29,Divide Two Integers,https://www.leetcode.com/problems/divide-two-integers,Medium,"Math, Bit Manipulation",Top Interview,17.34%,26.34,26.34,,,,
31,Next Permutation,https://www.leetcode.com/problems/next-permutation,Medium,"Array, Two Pointers","Sixty Basic,Top Liked",37.11%,62.61,70.11,,,,
32,Longest Valid Parentheses,https://www.leetcode.com/problems/longest-valid-parentheses,Hard,"String, DP, Stack",Top Liked,32.70%,50.70,50.70,,,,
33,Search in Rotated Sorted Array,https://www.leetcode.com/problems/search-in-rotated-sorted-array,Medium,"Array, Binary Search","Sixty Basic,Top Liked,Top Interview,Blind 75, Grind 75",38.66%,101.66,107.66,"at most two sorted halfs, mid will be apart of left sorted or right sorted, if target is in range of sorted portion then search it, otherwise search other half",https://youtu.be/U8XENwh8Oy8,,
34,Find First and Last Position of Element in Sorted Array,https://www.leetcode.com/problems/find-first-and-last-position-of-element-in-sorted-array,Medium,"Array, Binary Search","Top Liked,Top Interview",41.54%,80.54,80.54,,,,
38,Count and Say,https://www.leetcode.com/problems/count-and-say,Medium,String,Top Interview,51.27%,70.77,70.77,,,,
39,Combination Sum,https://www.leetcode.com/problems/combination-sum,Medium,"Array, Backtracking","Sixty Basic,Top Liked,Blind 75, Grind 75",67.67%,111.17,117.17,"visualize the decision tree, base case is curSum = or > target, each candidate can have children of itself or elements to right of it inorder to elim duplicate solutions;",https://youtu.be/GBKI9VSKdGg,,
42,Trapping Rain Water,https://www.leetcode.com/problems/trapping-rain-water,Hard,"Array, Two Pointers, DP, Stack, Monotonic Stack","Top Liked,Top Interview",58.79%,84.79,84.79,,,,
44,Wildcard Matching,https://www.leetcode.com/problems/wildcard-matching,Hard,"String, DP, Greedy, Recursion",Top Interview,26.84%,44.84,44.84,,,,
45,Jump Game II,https://www.leetcode.com/problems/jump-game-ii,Medium,"Array, DP, Greedy",Top Liked,38.57%,58.07,58.07,,,,
46,Permutations,https://www.leetcode.com/problems/permutations,Medium,"Array, Backtracking","Sixty Basic,Top Liked,Top Interview",74.75%,107.75,115.25,,,,
48,Rotate Image,https://www.leetcode.com/problems/rotate-image,Medium,"Array, Math, Matrix","Top Liked,Top Interview,Blind 75, Grind 75",69.95%,114.95,113.45,"rotate layer-by-layer, use that it's a square as advantage, rotate positions in reverse order, store a in temp, a = b, b = c, c = d, d = temp;",https://youtu.be/fMSJSS7eO1w,,
49,Group Anagrams,https://www.leetcode.com/problems/group-anagrams,Medium,"Array, Hash Table, String, Sorting","Sixty Basic,Top Liked,Top Interview,Blind 75, Grind 75",66.42%,147.42,153.42,"for each of 26 chars, use count of each char in each word as tuple for key in dict, value is the list of anagrams;",https://youtu.be/vzdNOK2oB2E,,
50,"Pow(x, n)",https://www.leetcode.com/problems/powx-n,Medium,"Math, Recursion","Sixty Basic,Top Interview",32.79%,55.29,62.79,,,,
51,N-Queens,https://www.leetcode.com/problems/n-queens,Hard,"Array, Backtracking",Top Liked,62.97%,75.97,75.97,,,,
53,Maximum Subarray,https://www.leetcode.com/problems/maximum-subarray,Medium,"Array, Divide and Conquer, DP","Sixty Basic,Top Liked,Top Interview,Blind 75, Grind 75",50.06%,101.06,107.06,"pattern: prev subarray cant be negative, DP: compute max sum for each prefix",https://youtu.be/5WZl3MMT0Eg,,
54,Spiral Matrix,https://www.leetcode.com/problems/spiral-matrix,Medium,"Array, Matrix, Simulation","Top Liked,Top Interview,Blind 75, Grind 75",43.72%,88.72,87.22,"keep track of visited cells; keep track of boundaries, layer-by-layer;",https://youtu.be/BJnMZNwUk1M,,
55,Jump Game,https://www.leetcode.com/problems/jump-game,Medium,"Array, DP, Greedy","Top Liked,Top Interview,Blind 75, Grind 75",38.44%,83.44,81.94,"visualize the recursive tree, cache solution for O(n) time/mem complexity, iterative is O(1) mem, just iterate backwards to see if element can reach goal node, if yes, then set it equal to goal node, continue;",https://youtu.be/Yan0cv2cLy8,,
56,Merge Intervals,https://www.leetcode.com/problems/merge-intervals,Medium,"Array, Sorting","Top Liked,Top Interview,Blind 75, Grind 75",45.93%,98.43,96.93,"sort each interval, overlapping intervals should be adjacent, iterate and build solution; also graph method, less efficient, more complicated",https://youtu.be/44H3cEC2fFM,,
57,Insert Interval,https://www.leetcode.com/problems/insert-interval,Medium,Array,"Blind 75, Grind 75",37.97%,72.47,70.97,"insert new interval in order, then merge intervals; newinterval could only merge with one interval that comes before it, then add remaining intervals;",https://youtu.be/A8NUOmlwOlM,,
62,Unique Paths,https://www.leetcode.com/problems/unique-paths,Medium,"Math, DP, Combinatorics","Sixty Basic,Top Liked,Top Interview,Blind 75, Grind 75",62.27%,98.27,104.27,"work backwards from solution, store paths for each position in grid, to further optimize, we don’t store whole grid, only need to store prev row;",https://youtu.be/IlEsdxuD4lY,,
63,Unique Paths II,https://www.leetcode.com/problems/unique-paths-ii,Medium,"Array, DP, Matrix",Sixty Basic,39.12%,61.62,69.12,,,,
64,Minimum Path Sum,https://www.leetcode.com/problems/minimum-path-sum,Medium,"Array, DP, Matrix",Top Liked,60.63%,80.13,80.13,,,,
66,Plus One,https://www.leetcode.com/problems/plus-one,Easy,"Array, Math",Top Interview,43.37%,75.37,75.37,,,,
67,Add Binary,https://www.leetcode.com/problems/detect-cycles-in-2d-grid,Easy,"Math, String, Bit Manipulation, Simulation",Grind 75,51.33%,79.33,79.33,,,,
69,Sqrt(x),https://www.leetcode.com/problems/sqrtx,Easy,"Math, Binary Search",Top Interview,37.05%,65.05,65.05,,,,
70,Climbing Stairs,https://www.leetcode.com/problems/climbing-stairs,Easy,"Math, DP, Memoization","Top Liked,Top Interview,Blind 75, Grind 75",51.73%,91.73,89.73,"subproblem find (n-1) and (n-2), sum = n;",https://youtu.be/Y0lT9Fck7qI,,
72,Edit Distance,https://www.leetcode.com/problems/edit-distance,Hard,"String, DP",Top Liked,52.66%,62.66,62.66,,,,
73,Set Matrix Zeroes,https://www.leetcode.com/problems/set-matrix-zeroes,Medium,"Array, Hash Table, Matrix","Top Liked,Top Interview,Blind 75, Grind 75",50.04%,107.04,105.54,"use sets to keep track of all rows, cols to zero out, after, for each num if it is in a zero row or col then change it to 0; flag first cell in row, and col to mark row/col that needs to be zeroed;",https://youtu.be/T41rL0L3Pnw,,
74,Search a 2D Matrix,https://www.leetcode.com/problems/search-a-2d-matrix,Medium,"Array, Binary Search, Matrix",Top Liked,46.87%,78.37,78.37,,,,
75,Sort Colors,https://www.leetcode.com/problems/sort-colors,Medium,"Array, Two Pointers, Sorting","Top Liked,Top Interview",57.23%,91.73,91.73,,,,
76,Minimum Window Substring,https://www.leetcode.com/problems/minimum-window-substring,Hard,"Hash Table, String, Sliding Window","Top Liked,Top Interview,Blind 75, Grind 75",40.69%,75.69,74.69,"need is num of unique char in T, HAVE is num of char we have valid count for, sliding window, move right until valid, if valid, increment left until invalid, to check validity keep track if the count of each unique char is satisfied;",https://youtu.be/jSto0O4AJbM,,
78,Subsets,https://www.leetcode.com/problems/subsets,Medium,"Array, Backtracking, Bit Manipulation","Sixty Basic,Top Liked,Top Interview",73.90%,106.90,114.40,,,,
79,Word Search,https://www.leetcode.com/problems/word-search,Medium,"Array, Backtracking, Matrix","Top Liked,Top Interview,Blind 75, Grind 75",39.79%,84.79,83.29,"dfs on each cell, for each search remember visited cells, and remove cur visited cell right before you return from dfs;",https://youtu.be/pfiQ_PS1g8E,,
82,Remove Duplicates from Sorted List II,https://www.leetcode.com/problems/remove-duplicates-from-sorted-list-ii,Medium,"Linked List, Two Pointers",Sixty Basic,45.46%,64.96,72.46,,,,
83,Remove Duplicates from Sorted List,https://www.leetcode.com/problems/remove-duplicates-from-sorted-list,Easy,Linked List,Sixty Basic,49.88%,75.88,85.88,,,,
84,Largest Rectangle in Histogram,https://www.leetcode.com/problems/largest-rectangle-in-histogram,Hard,"Array, Stack, Monotonic Stack","Top Liked,Top Interview",42.15%,68.15,68.15,,,,
88,Merge Sorted Array,https://www.leetcode.com/problems/merge-sorted-array,Easy,"Array, Two Pointers, Sorting",Top Interview,45.75%,87.75,87.75,,,,
91,Decode Ways,https://www.leetcode.com/problems/decode-ways,Medium,"String, DP","Top Interview,Blind 75, Grind 75",32.25%,69.75,68.25,"can cur char be decoded in one or two ways? Recursion -> cache -> iterative dp solution, a lot of edge cases to determine, 52, 31, 29, 10, 20 only decoded one way, 11, 26 decoded two ways",https://youtu.be/6aEyTjOwlJU,,
94,Binary Tree Inorder Traversal,https://www.leetcode.com/problems/binary-tree-inorder-traversal,Easy,"Stack, Tree, DFS, Binary Tree","Top Liked,Top Interview",73%,115.00,115.00,,,,
98,Validate Binary Search,https://www.leetcode.com/problems/validate-binary-search-tree,Medium,"Tree, DFS, Binary Search, Binary Tree","Sixty Basic,Top Liked,Top Interview,Blind 75, Grind 75",31.73%,87.23,81.23,"trick is use built in python min/max values float(""inf""), ""-inf"", as parameters; iterative in-order traversal, check each val is greater than prev;",https://youtu.be/s6ATEkipzow,,
100,Same Tree,https://www.leetcode.com/problems/same-tree,Easy,"Tree, DFS, BFS, Binary Tree","Blind 75, Grind 75",56.36%,92.36,90.36,recursive dfs on both trees at the same time; iterative bfs compare each level of both trees,https://youtu.be/vRbbcKXCxOw,,
101,Symmetric Tree,https://www.leetcode.com/problems/symmetric-tree,Easy,"Tree, DFS, BFS, Binary Tree","Top Liked,Top Interview",52.92%,78.92,78.92,,,,
102,Binary Tree Level Order Traversal,https://www.leetcode.com/problems/binary-tree-level-order-traversal,Medium,"Tree, BFS, Binary Tree","Sixty Basic,Top Liked,Top Interview,Blind 75, Grind 75",63.27%,106.77,112.77,"iterative bfs, add prev level which doesn't have any nulls to the result;",https://youtu.be/6ZnyEApgFYg,,
103,Binary Tree Zigzag Level Order Traversal,https://www.leetcode.com/problems/binary-tree-zigzag-level-order-traversal,Medium,"Tree, BFS, Binary Tree","Sixty Basic,Top Interview",55.15%,77.65,85.15,,,,
104,Maximum Depth of Binary Tree,https://www.leetcode.com/problems/maximum-depth-of-binary-tree,Easy,"Tree, DFS, BFS, Binary Tree","Sixty Basic,Top Liked,Top Interview,Blind 75, Grind 75",73.11%,131.11,139.11,recursive dfs to find max-depth of subtrees; iterative bfs to count number of levels in tree,https://youtu.be/hTM3phVI6YQ,,
105,Construct Binary Tree from Preorder and Inorder Traversal,https://www.leetcode.com/problems/construct-binary-tree-from-preorder-and-inorder-traversal,Medium,"Array, Hash Table, Divide and Conquer, Tree, Binary Tree","Sixty Basic,Top Liked,Top Interview,Blind 75, Grind 75",60.77%,131.27,137.27,"first element in pre-order is root, elements left of root in in-order are left subtree, right of root are right subtree, recursively build subtrees;",https://youtu.be/ihj4IQGZ2zc,,
108,Convert Sorted Array to Binary Search,https://www.leetcode.com/problems/convert-sorted-array-to-binary-search-tree,Easy,"Array, Divide and Conquer, Tree, Binary Search Tree, Binary Tree","Sixty Basic,Top Liked,Top Interview",69.03%,123.03,133.03,,,,
110,Balanced Binary Tree,https://www.leetcode.com/problems/rank-teams-by-votes,Easy,"Tree, DFS, Binary Tree",Grind 75,48.19%,72.19,72.19,,,,
111,Minimum Depth of Binary Tree,https://www.leetcode.com/problems/minimum-depth-of-binary-tree,Easy,"Tree, DFS, BFS, Binary Tree",Sixty Basic,43.58%,63.58,73.58,,,,
112,Path Sum,https://www.leetcode.com/problems/path-sum,Easy,"Tree, DFS, BFS, Binary Tree",Sixty Basic,47.63%,67.63,77.63,,,,
114,Flatten Binary Tree to Linked List,https://www.leetcode.com/problems/flatten-binary-tree-to-linked-list,Medium,"Linked List, Stack, Tree, DFS, Binary Tree",Top Liked,61.11%,97.11,97.11,,,,
116,Populating Next Right Pointers in Each Node,https://www.leetcode.com/problems/populating-next-right-pointers-in-each-node,Medium,"Linked List, Tree, DFS, BFS, Binary Tree",Top Interview,59.42%,87.92,87.92,,,,
118,Pascal's Triangle,https://www.leetcode.com/problems/pascals-triangle,Easy,"Array, DP",Top Interview,69.14%,101.14,101.14,,,,
122,Best Time to Buy and Sell Stock II,https://www.leetcode.com/problems/best-time-to-buy-and-sell-stock-ii,Medium,"Array, DP, Greedy","Sixty Basic,Top Interview",63.30%,93.30,100.80,,,,
124,Binary Tree Maximum Path Sum,https://www.leetcode.com/problems/binary-tree-maximum-path-sum,Hard,"DP, Tree, DFS, Binary Tree","Top Liked,Top Interview,Blind 75, Grind 75",38.42%,63.42,62.42,"helper returns maxpathsum without splitting branches, inside helper we also update maxSum by computing maxpathsum WITH a split;",https://youtu.be/Hr5cWUld4vU,,
127,Word Ladder,https://www.leetcode.com/problems/word-ladder,Hard,"Hash Table, String, BFS","Sixty Basic,Top Interview",36.68%,61.68,66.68,,,,
128,Longest Consecutive Sequence,https://www.leetcode.com/problems/longest-consecutive-sequence,Medium,"Array, Hash Table, Union Find","Top Liked,Top Interview,Blind 75, Grind 75",48.93%,105.93,104.43,"use bruteforce and try to optimize, consider the max subseq containing each num; add each num to hashset, for each num if num-1 doesn’t exist, count the consecutive nums after num, ie num+1; there is also a union-find solution;",https://youtu.be/P6RZZMu_maU,,
130,Surrounded Regions,https://www.leetcode.com/problems/surrounded-regions,Medium,"Array, DFS, BFS, Union Find, Matrix",Top Interview,35.97%,59.97,59.97,,,,
131,Palindrome Partitioning,https://www.leetcode.com/problems/palindrome-partitioning,Medium,"String, DP, Backtracking","Top Liked,Top Interview",62.42%,84.92,84.92,,,,
133,Clone Graph,https://www.leetcode.com/problems/clone-graph,Medium,"Hash Table, DFS, BFS, Graph","Blind 75, Grind 75",50.67%,82.17,80.67,"recursive dfs, hashmap for visited nodes",https://youtu.be/mQeF6bN8hMk,,
134,Gas Station,https://www.leetcode.com/problems/gas-station,Medium,"Array, Greedy",Top Interview,45.07%,69.07,69.07,,,,
136,Single Number,https://www.leetcode.com/problems/single-number,Easy,"Array, Bit Manipulation","Top Liked,Top Interview",70.06%,106.06,106.06,,,,
138,Copy List with Random Pointer,https://www.leetcode.com/problems/copy-list-with-random-pointer,Medium,"Hash Table, Linked List","Top Liked,Top Interview",50.52%,86.52,86.52,,,,
139,Word Break,https://www.leetcode.com/problems/word-break,Medium,"Hash Table, String, DP, Trie, Memoization","Sixty Basic,Top Liked,Top Interview,Blind 75, Grind 75",45.42%,103.92,109.92,"for each prefix, if prefix is in dict and wordbreak(remaining str)=True, then return True, cache result of wordbreak;",https://youtu.be/Sx9NNgInc3A,,
140,Word Break II,https://www.leetcode.com/problems/word-break-ii,Hard,"Hash Table, String, DP, Backtracking, Trie, Memoization",Top Interview,44.45%,65.45,65.45,,,,
141,Linked List Cycle,https://www.leetcode.com/problems/linked-list-cycle,Easy,"Hash Table, Linked List, Two Pointers","Sixty Basic,Top Liked,Top Interview,Blind 75, Grind 75",46.89%,126.89,134.89,,,,
142,Linked List Cycle II,https://www.leetcode.com/problems/linked-list-cycle-ii,Medium,"Hash Table, Linked List, Two Pointers","Sixty Basic,Top Liked",46.32%,80.82,88.32,,,,
143,Reorder List,https://www.leetcode.com/problems/reorder-list,Medium,"Linked List, Two Pointers, Stack, Recursion","Blind 75, Grind 75",51.08%,102.08,100.58,"reverse second half of list, then easily reorder it; non-optimal way is to store list in array;",https://youtu.be/S5bfdUTrKLM,,
146,LRU Cache,https://www.leetcode.com/problems/lru-cache,Medium,"Hash Table, Linked List, Design, Doubly-Linked List","Top Liked,Top Interview",40.51%,76.51,76.51,,,,
148,Sort List,https://www.leetcode.com/problems/sort-list,Medium,"Linked List, Two Pointers, Divide and Conquer, Sorting, Merge Sort","Top Liked,Top Interview",54.14%,85.64,85.64,,,,
149,Max Points on a Line,https://www.leetcode.com/problems/max-points-on-a-line,Hard,"Array, Hash Table, Math, Geometry",Top Interview,21.74%,45.74,45.74,,,,
150,Evaluate Reverse Polish Notation,https://www.leetcode.com/problems/evaluate-reverse-polish-notation,Medium,"Array, Math, Stack",Top Interview,44.09%,80.09,80.09,,,,
152,Maximum Product Subarray,https://www.leetcode.com/problems/maximum-product-subarray,Medium,"Array, DP","Top Liked,Top Interview,Blind 75, Grind 75",34.91%,79.91,78.41,dp: compute max and max-abs-val for each prefix subarr;,https://youtu.be/lXVy6YWFcRM,,
153,Find Minimum in Rotated Sorted Array,https://www.leetcode.com/problems/find-minimum-in-rotated-sorted-array,Medium,"Array, Binary Search","Sixty Basic,Top Liked,Blind 75, Grind 75",48.48%,103.98,109.98,"check if half of array is sorted in order to find pivot, arr is guaranteed to be in at most two sorted subarrays",https://youtu.be/nIVW4P8b1VA,,
155,Min Stack,https://www.leetcode.com/problems/min-stack,Medium,"Stack, Design","Top Liked,Top Interview",51.82%,75.82,75.82,,,,
157,Read N Characters Given Read4,https://www.leetcode.com/problems/read-n-characters-given-read4,Easy,"String, Simulation, Interactive",Curated Algo,40.76%,60.76,64.76,,,,
158,Read N Characters Given read4 II - Call Multiple Times,https://www.leetcode.com/problems/read-n-characters-given-read4-ii-call-multiple-times,Hard,"String, Simulation, Interactive",Curated Algo,41.42%,51.42,51.42,,,,
159,Longest Substring with At Most Two Distinct Characters,https://www.leetcode.com/problems/longest-substring-with-at-most-two-distinct-characters,Medium,"Hash Table, String, Sliding Window",Curated Algo,53.49%,80.49,80.49,,,,
160,Intersection of Two Linked Lists,https://www.leetcode.com/problems/intersection-of-two-linked-lists,Easy,"Hash Table, Linked List, Two Pointers","Top Liked,Top Interview",53.23%,101.23,101.23,,,,
161,One Edit Distance,https://www.leetcode.com/problems/one-edit-distance,Medium,"Two Pointers, String",Curated Algo,34.11%,49.11,49.11,,,,
162,Find Peak Element,https://www.leetcode.com/problems/find-peak-element,Medium,"Array, Binary Search",Top Interview,46.21%,82.21,82.21,,,,
163,Missing Ranges,https://www.leetcode.com/problems/missing-ranges,Easy,Array,"Curated Algo,Top Interview",31.95%,67.95,67.95,,,,
166,Fraction to Recurring Decimal,https://www.leetcode.com/problems/fraction-to-recurring-decimal,Medium,"Hash Table, Math, String",Top Interview,24.05%,55.55,55.55,,,,
170,Two Sum III - Data structure design,https://www.leetcode.com/problems/two-sum-iii-data-structure-design,Easy,"Array, Hash Table, Two Pointers, Design, Data Stream",Curated Algo,37.29%,79.29,79.29,,,,
171,Excel Sheet Column Number,https://www.leetcode.com/problems/excel-sheet-column-number,Easy,"Math, String",Top Interview,61.34%,87.34,87.34,,,,
172,Factorial Trailing Zeroes,https://www.leetcode.com/problems/factorial-trailing-zeroes,Medium,Math,Top Interview,41.69%,50.69,50.69,,,,
179,Largest Number,https://www.leetcode.com/problems/largest-number,Medium,"String, Greedy, Sorting",Top Interview,34%,61.00,61.00,,,,
186,Reverse Words in a String II,https://www.leetcode.com/problems/reverse-words-in-a-string-ii,Medium,"Two Pointers, String",Curated Algo,52.37%,67.37,67.37,,,,
189,Rotate Array,https://www.leetcode.com/problems/rotate-array,Medium,"Array, Math, Two Pointers","Top Liked,Top Interview",39.20%,66.20,66.20,,,,
190,Reverse Bits,https://www.leetcode.com/problems/reverse-bits,Easy,"Divide and Conquer, Bit Manipulation","Top Interview,Blind 75, Grind 75",52.18%,88.18,86.18,reverse each of 32 bits;,https://youtu.be/UcoN6UjAI64,,
191,Number of 1 Bits,https://www.leetcode.com/problems/number-of-1-bits,Easy,"Divide and Conquer, Bit Manipulation","Top Interview,Blind 75, Grind 75",64.78%,100.78,98.78,"modulo, and dividing n; mod and div are expensive, to divide use bit shift, instead of mod to get 1's place use bitwise & 1;",https://youtu.be/5Km3utixwZs,,
198,House Robber,https://www.leetcode.com/problems/house-robber,Medium,"Array, DP","Sixty Basic,Top Liked,Top Interview,Blind 75, Grind 75",48.70%,99.70,105.70,"for each num, get max of prev subarr, or num + prev subarr not including last element, store results of prev, and prev not including last element",https://youtu.be/73r3KWiEvyk,,
199,Binary Tree Right Side View,https://www.leetcode.com/problems/binary-tree-right-side-view,Medium,"Tree, DFS, BFS, Binary Tree",Top Liked,61.18%,73.18,73.18,,,,
200,Number of Islands,https://www.leetcode.com/problems/number-of-islands,Medium,"Array, DFS, BFS, Union Find, Matrix","Sixty Basic,Top Liked,Top Interview,Blind 75, Grind 75",56.26%,107.26,113.26,"foreach cell, if cell is 1 and unvisited run dfs, increment cound and marking each contigous 1 as visited",https://youtu.be/pV2kpPD66nE,,
202,Happy Number,https://www.leetcode.com/problems/happy-number,Easy,"Hash Table, Math, Two Pointers",Top Interview,54.38%,82.38,82.38,,,,
204,Count Primes,https://www.leetcode.com/problems/count-primes,Medium,"Array, Math, Enumeration, Number Theory",Top Interview,33.08%,57.08,57.08,,,,
207,Course Schedule,https://www.leetcode.com/problems/course-schedule,Medium,"DFS, BFS, Graph, Topological Sort","Top Liked,Top Interview,Blind 75, Grind 75",45.36%,75.36,73.86,"build adjacentcy_list with edges, run dfs on each V, if while dfs on V we see V again, then loop exists, otherwise V isnt in a loop, 3 states= not visited, visited, still visiting",https://youtu.be/EgI5nU9etnU,,
208,Implement Trie (Prefix Tree),https://www.leetcode.com/problems/implement-trie-prefix-tree,Medium,"Hash Table, String, Design, Trie","Top Liked,Top Interview,Blind 75, Grind 75",60.87%,113.37,111.87,"node has children characters, and bool if its an ending character, node DOESN’T have or need char, since root node doesn’t have a char, only children;",https://youtu.be/oobqoCJlHA0,,
209,Minimum Size Subarray Sum,https://www.leetcode.com/problems/minimum-size-subarray-sum,Medium,"Array, Binary Search, Sliding Window, Prefix Sum",Sixty Basic,44.48%,78.98,86.48,,,,
210,Course Schedule II,https://www.leetcode.com/problems/course-schedule-ii,Medium,"DFS, BFS, Graph, Topological Sort",Top Interview,47.98%,56.98,56.98,,,,
211,Design Add and Search Words Data Structure,https://www.leetcode.com/problems/design-add-and-search-words-data-structure,Medium,"String, DFS, Design, Trie","Blind 75, Grind 75",43.13%,73.13,71.63,"if char = ""."" run search for remaining portion of word on all of curr nodes children;",https://youtu.be/BTf05gs_8iU,,
212,Word Search II,https://www.leetcode.com/problems/word-search-ii,Hard,"Array, String, Backtracking, Trie, Matrix","Top Interview,Blind 75, Grind 75",36.88%,71.88,70.88,"trick: I though use trie to store the grid, reverse thinking, instead store dictionary words, dfs on each cell, check if cell's char exists as child of root node in trie, if it does, update currNode, and check neighbors, a word could exist multiple times in grid, so don’t add duplicates;",https://youtu.be/asbcE9mZz_U,,
213,House Robber II,https://www.leetcode.com/problems/house-robber-ii,Medium,"Array, DP","Sixty Basic,Blind 75, Grind 75",40.69%,81.19,87.19,"subarr = arr without first & last, get max of subarr, then pick which of first/last should be added to it",https://youtu.be/rWAJCfYYOvM,,
215,Kth Largest Element in an Array,https://www.leetcode.com/problems/kth-largest-element-in-an-array,Medium,"Array, Divide and Conquer, Sorting, Priority Queue, Quickselect","Top Liked,Top Interview",65.73%,100.23,100.23,,,,
218,The Skyline Problem,https://www.leetcode.com/problems/the-skyline-problem,Hard,"Array, Divide and Conquer, Binary Indexed Tree, Segment Tree, Line Sweep, Priority Queue, Ordered Set",Top Interview,41.56%,57.56,57.56,,,,
226,Invert Binary Tree,https://www.leetcode.com/problems/invert-binary-tree,Easy,"Tree, DFS, BFS, Binary Tree","Top Liked,Blind 75, Grind 75",73.26%,113.26,111.26,"recursive dfs to invert subtrees; bfs to invert levels, use collections.deque; iterative dfs is easy with stack if doing pre-order traversal",https://youtu.be/OnSn2XEQ4MY,,
227,Basic Calculator II,https://www.leetcode.com/problems/basic-calculator-ii,Medium,"Math, String, Stack",Top Interview,42.20%,73.70,73.70,,,,
230,Kth Smallest Element in a BST,https://www.leetcode.com/problems/kth-smallest-element-in-a-bst,Medium,"Tree, DFS, Binary Search, Binary Tree","Top Liked,Top Interview,Blind 75, Grind 75",69.36%,118.86,105.36,"non-optimal store tree in sorted array; iterative dfs in-order and return the kth element processed, go left until null, pop, go right once;",https://youtu.be/5LUXSvjmGCw,,
234,Palindrome Linked List,https://www.leetcode.com/problems/palindrome-linked-list,Easy,"Linked List, Two Pointers, Stack, Recursion","Top Liked,Top Interview",49.53%,107.53,107.53,,,,
235,Lowest Common Ancestor of a Binary Search,https://www.leetcode.com/problems/lowest-common-ancestor-of-a-binary-search-tree,Medium,"Tree, DFS, Binary Search, Binary Tree","Blind 75, Grind 75",60.20%,99.20,85.70,,,,
236,Lowest Common Ancestor of a Binary Tree,https://www.leetcode.com/problems/lowest-common-ancestor-of-a-binary-tree,Medium,"Tree, DFS, Binary Tree","Top Liked,Top Interview,Blind 75, Grind 75",57.97%,95.47,93.97,,,,
237,Delete Node in a Linked List,https://www.leetcode.com/problems/delete-node-in-a-linked-list,Medium,Linked List,Top Interview,75.19%,96.19,96.19,,,,
238,Product of Array Except Self,https://www.leetcode.com/problems/product-of-array-except-self,Medium,"Array, Prefix Sum","Top Liked,Top Interview,Blind 75, Grind 75",64.70%,109.70,108.20,"make two passes, first in-order, second in-reverse, to compute products",https://youtu.be/bNvIQI2wAjk,,
239,Sliding Window Maximum,https://www.leetcode.com/problems/sliding-window-maximum,Hard,"Array, Queue, Sliding Window, Priority Queue, Monotonic Queue","Top Liked,Top Interview",46.63%,64.63,64.63,,,,
240,Search a 2D Matrix II,https://www.leetcode.com/problems/search-a-2d-matrix-ii,Medium,"Array, Binary Search, Divide and Conquer, Matrix","Top Liked,Top Interview",50.59%,89.59,89.59,,,,
243,Shortest Word Distance,https://www.leetcode.com/problems/shortest-word-distance,Easy,"Array, String",Curated Algo,64.90%,104.90,104.90,,,,
244,Shortest Word Distance II,https://www.leetcode.com/problems/shortest-word-distance-ii,Medium,"Array, Hash Table, Two Pointers, String, Design",Curated Algo,60.72%,102.72,102.72,,,,
245,Shortest Word Distance III,https://www.leetcode.com/problems/shortest-word-distance-iii,Medium,"Array, String",Curated Algo,57.48%,87.48,87.48,,,,
247,Strobogrammatic Number II,https://www.leetcode.com/problems/strobogrammatic-number-ii,Medium,"Array, String, Recursion",Curated Algo,51.45%,88.95,88.95,,,,
249,Group Shifted Strings,https://www.leetcode.com/problems/group-shifted-strings,Medium,"Array, Hash Table, String",Curated Algo,64.26%,106.26,106.26,,,,
250,Count Univalue Subtrees,https://www.leetcode.com/problems/count-univalue-subtrees,Medium,"Tree, DFS, Binary Tree",Curated Algo,55.27%,67.27,67.27,,,,
251,Flatten 2D Vector,https://www.leetcode.com/problems/flatten-2d-vector,Medium,"Array, Two Pointers, Design, Iterator","Curated Algo,Top Interview",48.90%,75.90,75.90,,,,
252,Meeting Rooms,https://www.leetcode.com/problems/meeting-rooms,Easy,"Array, Sorting","Curated Algo,Sixty Basic,Blind 75, Grind 75",57.03%,125.03,133.03,"sort intervals by start time, if second interval doesn’t overlap with first, then third def wont overlap with first;",https://youtu.be/PaJxqZVPhbg,,
253,Meeting Rooms II,https://www.leetcode.com/problems/meeting-rooms-ii,Medium,"Array, Two Pointers, Greedy, Sorting, Priority Queue, Prefix Sum","Curated Algo,Sixty Basic,Top Interview,Blind 75, Grind 75",50.47%,108.97,114.97,"we care about the points in time where we are starting/ending a meeting, we already are given those, just separate start/end and traverse counting num of meetings going at these points in time; for each meeting check if a prev meeting has finished before curr started, using min heap;",https://youtu.be/FdzJmTCVyJU,,
254,Factor Combinations,https://www.leetcode.com/problems/factor-combinations,Medium,"Array, Backtracking",Curated Algo,48.80%,68.30,68.30,,,,
255,Verify Preorder Sequence in Binary Search,https://www.leetcode.com/problems/verify-preorder-sequence-in-binary-search-tree,Medium,"Stack, Tree, Binary Search, Recursion, Monotonic Stack, Binary Tree",Curated Algo,48.02%,91.52,79.52,,,,
256,Paint House,https://www.leetcode.com/problems/paint-house,Medium,"Array, DP",Curated Algo,60.59%,80.09,80.09,,,,
259,3Sum Smaller,https://www.leetcode.com/problems/3sum-smaller,Medium,"Array, Two Pointers, Binary Search, Sorting",Curated Algo,50.69%,89.69,89.69,,,,
261,Graph Valid Tree,https://www.leetcode.com/problems/graph-valid-tree,Medium,"DFS, BFS, Union Find, Graph","Curated Algo,Blind 75, Grind 75",46.83%,69.33,67.83,"union find, if union return false, loop exists, at end size must equal n, or its not connected; dfs to get size and check for loop, since each edge is double, before dfs on neighbor of N, remove N from neighbor list of neighbor;",https://youtu.be/bXsUuownnoQ,,
265,Paint House II,https://www.leetcode.com/problems/paint-house-ii,Hard,"Array, DP",Curated Algo,52.33%,65.33,65.33,,,,
266,Palindrome Permutation,https://www.leetcode.com/problems/palindrome-permutation,Easy,"Hash Table, String, Bit Manipulation",Curated Algo,65.83%,101.83,101.83,,,,
267,Palindrome Permutation II,https://www.leetcode.com/problems/palindrome-permutation-ii,Medium,"Hash Table, String, Backtracking",Curated Algo,40.47%,67.47,67.47,,,,
268,Missing Number,https://www.leetcode.com/problems/missing-number,Easy,"Array, Hash Table, Math, Binary Search, Bit Manipulation, Sorting","Top Interview,Blind 75, Grind 75",61.57%,159.57,157.57,compute expected sum - real sum; xor n with each index and value;,https://youtu.be/WnPLSRLSANE,,
269,Alien Dictionary,https://www.leetcode.com/problems/alien-dictionary,Hard,"Array, String, DFS, BFS, Graph, Topological Sort","Curated Algo,Top Interview,Blind 75, Grind 75",35.26%,72.26,71.26,"chars of a word not in order, the words are in order, find adjacency list of each unique char by iterating through adjacent words and finding first chars that are different, run topsort on graph and do loop detection;",https://youtu.be/6kTZYvNNyps,,
270,Closest Binary Search Value,https://www.leetcode.com/problems/closest-binary-search-tree-value,Easy,"Binary Search, Tree, DFS, Binary Search, Binary Tree",Curated Algo,54.57%,102.57,86.57,,,,
271,Encode and Decode Strings,https://www.leetcode.com/problems/encode-and-decode-strings,Medium,"Array, String, Design","Curated Algo,Blind 75, Grind 75",41.51%,89.51,88.01,store length of str before each string and delimiter like '#';,https://youtu.be/B1k_sxOSgv8,,
272,Closest Binary Search Value II,https://www.leetcode.com/problems/closest-binary-search-tree-value-ii,Hard,"Two Pointers, Stack, Tree, DFS, Binary Search, Priority Queue, Binary Tree",Curated Algo,58.22%,82.22,74.22,,,,
276,Paint Fence,https://www.leetcode.com/problems/paint-fence,Medium,DP,"Curated Algo,Sixty Basic",44.06%,54.56,62.06,,,,
277,Find the Celebrity,https://www.leetcode.com/problems/find-the-celebrity,Medium,"Two Pointers, Greedy, Graph, Interactive","Curated Algo,Top Interview",46.59%,58.59,58.59,,,,
278,First Bad Version,https://www.leetcode.com/problems/generate-a-string-with-characters-that-have-odd-counts,Easy,"Binary Search, Interactive",Grind 75,42.92%,72.92,72.92,,,,
279,Perfect Squares,https://www.leetcode.com/problems/perfect-squares,Medium,"Math, DP, BFS",Top Interview,52.13%,61.13,61.13,,,,
280,Wiggle Sort,https://www.leetcode.com/problems/wiggle-sort,Medium,"Array, Greedy, Sorting",Curated Algo,66.39%,93.39,93.39,,,,
281,Zigzag Iterator,https://www.leetcode.com/problems/zigzag-iterator,Medium,"Array, Design, Queue, Iterator",Curated Algo,62.32%,81.82,81.82,,,,
283,Move Zeroes,https://www.leetcode.com/problems/move-zeroes,Easy,"Array, Two Pointers","Sixty Basic,Top Liked,Top Interview",61.33%,105.33,115.33,,,,
285,Inorder Successor in BST,https://www.leetcode.com/problems/inorder-successor-in-bst,Medium,"Tree, DFS, Binary Search, Binary Tree","Curated Algo,Top Interview",48.34%,79.84,67.84,,,,
286,Walls and Gates,https://www.leetcode.com/problems/walls-and-gates,Medium,"Array, BFS, Matrix",Curated Algo,60.25%,79.75,79.75,,,,
287,Find the Duplicate Number,https://www.leetcode.com/problems/find-the-duplicate-number,Medium,"Array, Two Pointers, Binary Search, Bit Manipulation","Top Liked,Top Interview",59.13%,98.13,98.13,,,,
289,Game of Life,https://www.leetcode.com/problems/game-of-life,Medium,"Array, Matrix, Simulation",Top Interview,66.68%,90.68,90.68,,,,
291,Word Pattern II,https://www.leetcode.com/problems/word-pattern-ii,Medium,"Hash Table, String, Backtracking",Curated Algo,46.88%,73.88,73.88,,,,
295,Find Median from Data Stream,https://www.leetcode.com/problems/find-median-from-data-stream,Hard,"Two Pointers, Design, Sorting, Priority Queue, Data Stream","Top Liked,Top Interview,Blind 75, Grind 75",51.09%,76.09,75.09,"maintain curr median, and all num greater than med in a minHeap, and all num less than med in a maxHeap, after every insertion update median depending on odd/even num of elements;",https://youtu.be/itmhHWaHupI,,
296,Best Meeting Point,https://www.leetcode.com/problems/best-meeting-point,Hard,"Array, Math, Sorting, Matrix",Curated Algo,60.09%,78.09,78.09,,,,
297,Serialize and Deserialize Binary Tree,https://www.leetcode.com/problems/serialize-and-deserialize-binary-tree,Hard,"String, Tree, DFS, BFS, Design, Binary Tree","Top Interview,Blind 75, Grind 75",54.96%,84.96,83.96,"bfs every single non-null node is added to string, and it's children are added too, even if they're null, deserialize by adding each non-null node to queue, deque node, it's children are next two nodes in string;",https://youtu.be/u4JAi2JJhI8,,
298,Binary Tree Longest Consecutive Sequence,https://www.leetcode.com/problems/binary-tree-longest-consecutive-sequence,Medium,"Tree, DFS, Binary Tree",Curated Algo,52.52%,64.52,64.52,,,,
300,Longest Increasing Subsequence,https://www.leetcode.com/problems/longest-increasing-subsequence,Medium,"Array, Binary Search, DP","Sixty Basic,Top Liked,Top Interview,Blind 75, Grind 75",51.56%,114.56,120.56,"recursive: foreach num, get subseq with num and without num, only include num if prev was less, cache solution of each; dp=subseq length which must end with each num, curr num must be after a prev dp or by itself;",https://youtu.be/cjWnW0hdF1Y,,
302,Smallest Rectangle Enclosing Black Pixels,https://www.leetcode.com/problems/smallest-rectangle-enclosing-black-pixels,Hard,"Array, Binary Search, DFS, BFS, Matrix",Curated Algo,58.21%,79.21,79.21,,,,
305,Number of Islands II,https://www.leetcode.com/problems/number-of-islands-ii,Hard,"Array, Union Find",Curated Algo,39.45%,52.45,52.45,,,,
308,Range Sum Query 2D - Mutable,https://www.leetcode.com/problems/range-sum-query-2d-mutable,Hard,"Array, Design, Binary Indexed Tree, Segment Tree, Matrix","Curated Algo,Top Interview",42.28%,60.28,60.28,,,,
310,Minimum Height Trees,https://www.leetcode.com/problems/minimum-incompatibility,Medium,"DFS, BFS, Graph, Topological Sort",Grind 75,38.53%,49.03,49.03,,,,
311,Sparse Matrix Multiplication,https://www.leetcode.com/problems/sparse-matrix-multiplication,Medium,"Array, Hash Table, Matrix",Curated Algo,67.09%,98.59,98.59,,,,
314,Binary Tree Vertical Order Traversal,https://www.leetcode.com/problems/binary-tree-vertical-order-traversal,Medium,"Hash Table, Tree, DFS, BFS, Binary Tree",Curated Algo,52.07%,76.07,76.07,,,,
315,Count of Smaller Numbers After Self,https://www.leetcode.com/problems/count-of-smaller-numbers-after-self,Hard,"Array, Binary Search, Divide and Conquer, Binary Indexed Tree, Segment Tree, Merge Sort, Ordered Set",Top Interview,42.82%,66.82,66.82,,,,
317,Shortest Distance from All Buildings,https://www.leetcode.com/problems/shortest-distance-from-all-buildings,Hard,"Array, BFS, Matrix",Curated Algo,42.94%,55.94,55.94,,,,
320,Generalized Abbreviation,https://www.leetcode.com/problems/generalized-abbreviation,Medium,"String, Backtracking, Bit Manipulation",Curated Algo,57.31%,72.31,72.31,,,,
322,Coin Change,https://www.leetcode.com/problems/coin-change,Medium,"Array, DP, BFS","Sixty Basic,Top Liked,Top Interview,Blind 75, Grind 75",41.52%,92.52,98.52,"top-down: recursive dfs, for amount, branch for each coin, cache to store prev coin_count for each amount; bottom-up: compute coins for amount = 1, up until n, using for each coin (amount - coin), cache prev values",https://youtu.be/H9bfqozjoqs,,
323,Number of Connected Components in an Undirected Graph,https://www.leetcode.com/problems/number-of-connected-components-in-an-undirected-graph,Medium,"DFS, BFS, Union Find, Graph","Curated Algo,Sixty Basic,Blind 75, Grind 75",62.04%,90.54,96.54,"dfs on each node that hasn’t been visited, increment component count, adjacency list; bfs and union find are possible;",https://youtu.be/8f1XPm4WOUc,,
324,Wiggle Sort II,https://www.leetcode.com/problems/wiggle-sort-ii,Medium,"Array, Divide and Conquer, Sorting, Quickselect",Top Interview,32.95%,64.45,64.45,,,,
325,Maximum Size Subarray Sum Equals k,https://www.leetcode.com/problems/maximum-size-subarray-sum-equals-k,Medium,"Array, Hash Table, Prefix Sum",Curated Algo,49.31%,80.81,80.81,,,,
326,Power of Three,https://www.leetcode.com/problems/power-of-three,Easy,"Math, Recursion",Top Interview,45.22%,67.22,67.22,,,,
328,Odd Even Linked List,https://www.leetcode.com/problems/odd-even-linked-list,Medium,Linked List,Top Interview,60.23%,81.23,81.23,,,,
329,Longest Increasing Path in a Matrix,https://www.leetcode.com/problems/longest-increasing-path-in-a-matrix,Hard,"Array, DP, DFS, BFS, Graph, Topological Sort, Memoization, Matrix",Top Interview,52.18%,68.18,68.18,,,,
333,Largest BST Subtree,https://www.leetcode.com/problems/largest-bst-subtree,Medium,"DP, Tree, DFS, Binary Search, Binary Tree",Curated Algo,42.41%,66.41,54.41,,,,
334,Increasing Triplet Subsequence,https://www.leetcode.com/problems/increasing-triplet-subsequence,Medium,"Array, Greedy",Top Interview,42.70%,66.70,66.70,,,,
338,Counting Bits,https://www.leetcode.com/problems/counting-bits,Easy,"DP, Bit Manipulation","Blind 75, Grind 75",75.22%,101.22,99.22,"write out result for num=16 to figure out pattern; res[i] = res[i - offset], where offset is the biggest power of 2 <= I;",https://youtu.be/RyBM56RIWrM,,
339,Nested List Weight Sum,https://www.leetcode.com/problems/nested-list-weight-sum,Medium,"DFS, BFS",Curated Algo,81.98%,86.48,86.48,,,,
340,Longest Substring with At Most K Distinct Characters,https://www.leetcode.com/problems/longest-substring-with-at-most-k-distinct-characters,Medium,"Hash Table, String, Sliding Window","Curated Algo,Top Interview",47.80%,82.30,82.30,,,,
341,Flatten Nested List Iterator,https://www.leetcode.com/problems/flatten-nested-list-iterator,Medium,"Stack, Tree, DFS, Design, Queue, Iterator",Top Interview,61.54%,90.04,90.04,,,,
344,Reverse String,https://www.leetcode.com/problems/reverse-string,Easy,"Two Pointers, String",Top Interview,76.16%,102.16,102.16,,,,
346,Moving Average from Data Stream,https://www.leetcode.com/problems/moving-average-from-data-stream,Easy,"Array, Design, Queue, Data Stream",Curated Algo,77.03%,103.03,103.03,,,,
348,Design Tic-Tac-Toe,https://www.leetcode.com/problems/design-tic-tac-toe,Medium,"Array, Hash Table, Design, Matrix","Curated Algo,Top Interview",57.56%,96.56,96.56,,,,
349,Intersection of Two Arrays,https://www.leetcode.com/problems/intersection-of-two-arrays,Easy,"Array, Hash Table, Two Pointers, Binary Search, Sorting",Sixty Basic,70.26%,142.26,152.26,,,,
350,Intersection of Two Arrays II,https://www.leetcode.com/problems/intersection-of-two-arrays-ii,Easy,"Array, Hash Table, Two Pointers, Binary Search, Sorting",Top Interview,55.58%,129.58,129.58,,,,
353,Design Snake Game,https://www.leetcode.com/problems/design-snake-game,Medium,"Array, Design, Queue, Matrix",Curated Algo,39.01%,58.51,58.51,,,,
358,Rearrange String k Distance Apart,https://www.leetcode.com/problems/rearrange-string-k-distance-apart,Hard,"Hash Table, String, Greedy, Sorting, Priority Queue, Counting",Curated Algo,37.51%,60.51,60.51,,,,
359,Logger Rate Limiter,https://www.leetcode.com/problems/logger-rate-limiter,Easy,"Hash Table, Design",Curated Algo,75.54%,97.54,97.54,,,,
360,Sort Transformed Array,https://www.leetcode.com/problems/sort-transformed-array,Medium,"Array, Math, Two Pointers, Sorting",Curated Algo,54.69%,81.69,81.69,,,,
361,Bomb Enemy,https://www.leetcode.com/problems/bomb-enemy,Medium,"Array, DP, Matrix",Curated Algo,50.89%,70.39,70.39,,,,
362,Design Hit Counter,https://www.leetcode.com/problems/design-hit-counter,Medium,"Array, Hash Table, Binary Search, Design, Queue",Curated Algo,68.38%,111.88,111.88,,,,
364,Nested List Weight Sum II,https://www.leetcode.com/problems/nested-list-weight-sum-ii,Medium,"Stack, DFS, BFS",Curated Algo,67.19%,83.69,83.69,,,,
366,Find Leaves of Binary Tree,https://www.leetcode.com/problems/find-leaves-of-binary-tree,Medium,"Tree, DFS, Binary Tree",Curated Algo,80.14%,92.14,92.14,,,,
369,Plus One Linked List,https://www.leetcode.com/problems/plus-one-linked-list,Medium,"Linked List, Math",Curated Algo,60.95%,77.45,77.45,,,,
370,Range Addition,https://www.leetcode.com/problems/range-addition,Medium,"Array, Prefix Sum",Curated Algo,70.91%,90.41,90.41,,,,
371,Sum of Two Integers,https://www.leetcode.com/problems/sum-of-two-integers,Medium,"Math, Bit Manipulation","Top Interview,Blind 75, Grind 75",50.67%,77.67,76.17,"add bit by bit, be mindful of carry, after adding, if carry is still 1, then add it as well;",https://youtu.be/gVUrDV4tZfY,,
373,Find K Pairs with Smallest Sums,https://www.leetcode.com/problems/find-k-pairs-with-smallest-sums,Medium,"Array, Priority Queue",Sixty Basic,38.36%,60.86,68.36,,,,
378,Kth Smallest Element in a Sorted Matrix,https://www.leetcode.com/problems/kth-smallest-element-in-a-sorted-matrix,Medium,"Array, Binary Search, Sorting, Priority Queue, Matrix","Top Liked,Top Interview",61.63%,108.13,108.13,,,,
380,Insert Delete GetRandom O(1),https://www.leetcode.com/problems/insert-delete-getrandom-o1,Medium,"Array, Hash Table, Math, Design, Randomized",Top Interview,52.03%,88.03,88.03,,,,
383,Ransom Note,https://www.leetcode.com/problems/check-if-there-is-a-valid-path-in-a-grid,Easy,"Hash Table, String, Counting",Grind 75,57.62%,119.62,101.62,,,TRUE,
384,Shuffle an Array,https://www.leetcode.com/problems/shuffle-an-array,Medium,"Array, Math, Randomized",Top Interview,57.66%,81.66,81.66,,,,
387,First Unique Character in a String,https://www.leetcode.com/problems/first-unique-character-in-a-string,Easy,"Hash Table, String, Queue, Counting","Sixty Basic,Top Interview",58.90%,108.90,118.90,,,,
392,Is Subsequence,https://www.leetcode.com/problems/is-subsequence,Easy,"Two Pointers, String, DP",Sixty Basic,49.14%,73.14,83.14,,,,
394,Decode String,https://www.leetcode.com/problems/decode-string,Medium,"String, Stack, Recursion",Top Liked,57.56%,92.06,92.06,,,,
395,Longest Substring with At Least K Repeating Characters,https://www.leetcode.com/problems/longest-substring-with-at-least-k-repeating-characters,Medium,"Hash Table, String, Divide and Conquer, Sliding Window",Top Interview,44.81%,76.31,76.31,,,,
409,Longest Palindrome,https://www.leetcode.com/problems/number-of-steps-to-reduce-a-number-in-binary-representation-to-one,Easy,"Hash Table, String, Greedy",Grind 75,54.64%,98.64,98.64,,,,
412,Fizz Buzz,https://www.leetcode.com/problems/fizz-buzz,Easy,"Math, String, Simulation",Top Interview,68.79%,94.79,94.79,,,,
416,Partition Equal Subset Sum,https://www.leetcode.com/problems/partition-equal-subset-sum,Medium,"Array, DP",Top Liked,46.63%,66.13,66.13,,,,
417,Pacific Atlantic Water Flow,https://www.leetcode.com/problems/pacific-atlantic-water-flow,Medium,"Array, DFS, BFS, Matrix","Blind 75, Grind 75",54%,88.50,87.00,"dfs each cell, keep track of visited, and track which reach pac, atl; dfs on cells adjacent to pac, atl, find overlap of cells that are visited by both pac and atl cells;",https://youtu.be/s-VkcjHqkGI,,
422,Valid Word Square,https://www.leetcode.com/problems/valid-word-square,Easy,"Array, Matrix",Curated Algo,38.81%,64.81,64.81,,,,
424,Longest Repeating Character Replacement,https://www.leetcode.com/problems/longest-repeating-character-replacement,Medium,"Hash Table, String, Sliding Window","Blind 75, Grind 75",51.42%,93.42,91.92,"PAY ATTENTION: limited to chars A-Z; for each capital char, check if it could create the longest repeating substr, use sliding window to optimize; check if windowlen=1 works, if yes, increment len, if not, shift window right;",https://youtu.be/gqXU1UyA8pk,,
425,Word Squares,https://www.leetcode.com/problems/word-squares,Hard,"Array, String, Backtracking, Trie",Curated Algo,52.64%,72.64,72.64,,,,
435,Non-overlapping Intervals,https://www.leetcode.com/problems/non-overlapping-intervals,Medium,"Array, DP, Greedy, Sorting","Blind 75, Grind 75",49.85%,91.85,90.35,"instead of removing, count how max num of intervals you can include, sort intervals, dp to compute max intervals up until the i-th interval;",https://youtu.be/nONCGxWoUfM,,
437,Path Sum III,https://www.leetcode.com/problems/path-sum-iii,Medium,"Tree, DFS, Binary Tree",Top Liked,48.72%,60.72,60.72,,,,
438,Find All Anagrams in a String,https://www.leetcode.com/problems/find-all-anagrams-in-a-string,Medium,"Hash Table, String, Sliding Window",Top Liked,48.96%,75.96,75.96,,,,
439,Ternary Expression Parser,https://www.leetcode.com/problems/ternary-expression-parser,Medium,"String, Stack, Recursion",Curated Algo,58.17%,92.67,92.67,,,,
449,Serialize and Deserialize BST,https://www.leetcode.com/problems/serialize-and-deserialize-bst,Medium,"String, Tree, DFS, BFS, Design, Binary Search, Binary Tree","Blind 75, Grind 75",56.77%,106.27,92.77,,,,
454,4Sum II,https://www.leetcode.com/problems/4sum-ii,Medium,"Array, Hash Table",Top Interview,57.31%,93.31,93.31,,,,
465,Optimal Account Balancing,https://www.leetcode.com/problems/optimal-account-balancing,Hard,"Array, DP, Backtracking, Bit Manipulation, Bitmask",Curated Algo,49.28%,62.28,62.28,,,,
471,Encode String with Shortest Length,https://www.leetcode.com/problems/encode-string-with-shortest-length,Hard,"String, DP",Curated Algo,50.69%,60.69,60.69,,,,
484,Find Permutation,https://www.leetcode.com/problems/find-permutation,Medium,"Array, String, Stack, Greedy",Curated Algo,67%,109.00,109.00,,,,
487,Max Consecutive Ones II,https://www.leetcode.com/problems/max-consecutive-ones-ii,Medium,"Array, DP, Sliding Window",Curated Algo,49.59%,69.09,69.09,,,,
490,The Maze,https://www.leetcode.com/problems/the-maze,Medium,"DFS, BFS, Graph",Curated Algo,55.41%,59.91,59.91,,,,
499,The Maze III,https://www.leetcode.com/problems/the-maze-iii,Hard,"DFS, BFS, Graph, Priority Queue, Shortest Path",Curated Algo,46.86%,49.86,49.86,,,,
505,The Maze II,https://www.leetcode.com/problems/the-maze-ii,Medium,"DFS, BFS, Graph, Priority Queue, Shortest Path",Curated Algo,52.40%,56.90,56.90,,,,
509,Fibonacci Number,https://www.leetcode.com/problems/fibonacci-number,Easy,"Math, DP, Recursion, Memoization",Curated Algo,69.19%,85.19,85.19,,,,
527,Word Abbreviation,https://www.leetcode.com/problems/word-abbreviation,Hard,"Array, String, Greedy, Trie, Sorting",Curated Algo,60.31%,85.31,85.31,,,,
531,Lonely Pixel I,https://www.leetcode.com/problems/lonely-pixel-i,Medium,"Array, Hash Table, Matrix",Curated Algo,62.08%,93.58,93.58,,,,
536,Construct Binary Tree from String,https://www.leetcode.com/problems/construct-binary-tree-from-string,Medium,"String, Tree, DFS, Binary Tree",Curated Algo,56.14%,78.64,78.64,,,,
542,01 Matrix,https://www.leetcode.com/problems/largest-substring-between-two-equal-characters,Medium,"Array, DP, BFS, Matrix",Grind 75,44.18%,69.68,69.68,,,,
543,Diameter of Binary Tree,https://www.leetcode.com/problems/diameter-of-binary-tree,Easy,"Tree, DFS, Binary Tree",Top Liked,55.99%,71.99,71.99,,,,
545,Boundary of Binary Tree,https://www.leetcode.com/problems/boundary-of-binary-tree,Medium,"Tree, DFS, Binary Tree",Curated Algo,44.29%,56.29,56.29,,,,
549,Binary Tree Longest Consecutive Sequence II,https://www.leetcode.com/problems/binary-tree-longest-consecutive-sequence-ii,Medium,"Tree, DFS, Binary Tree",Curated Algo,49.48%,61.48,61.48,,,,
560,Subarray Sum Equals K,https://www.leetcode.com/problems/subarray-sum-equals-k,Medium,"Array, Hash Table, Prefix Sum","Sixty Basic,Top Liked",44.01%,81.51,89.01,,,,
562,Longest Line of Consecutive One in Matrix,https://www.leetcode.com/problems/longest-line-of-consecutive-one-in-matrix,Medium,"Array, DP, Matrix",Curated Algo,50.01%,69.51,69.51,,,,
568,Maximum Vacation Days,https://www.leetcode.com/problems/maximum-vacation-days,Hard,"Array, DP, Matrix",Curated Algo,44.82%,57.82,57.82,,,,
572,Subtree of Another Tree,https://www.leetcode.com/problems/subtree-of-another-tree,Easy,"Tree, DFS, String Matching, Binary Tree, Hash Function","Blind 75, Grind 75",45.98%,81.98,79.98,traverse s to check if any subtree in s equals t; merkle hashing?,https://youtu.be/E36O5SWp-LE,,
582,Kill Process,https://www.leetcode.com/problems/kill-process,Medium,"Array, Hash Table, Tree, DFS, BFS",Curated Algo,68.49%,107.49,107.49,,,,
588,Design In-Memory File System,https://www.leetcode.com/problems/design-in-memory-file-system,Hard,"Hash Table, String, Design, Trie",Curated Algo,48.81%,66.81,66.81,,,,
604,Design Compressed String Iterator,https://www.leetcode.com/problems/design-compressed-string-iterator,Easy,"Array, Hash Table, String, Design, Iterator",Curated Algo,39.41%,95.41,95.41,,,,
616,Add Bold Tag in String,https://www.leetcode.com/problems/add-bold-tag-in-string,Medium,"Array, Hash Table, String, Trie, String Matching",Curated Algo,48.65%,90.65,90.65,,,,
617,Merge Two Binary Trees,https://www.leetcode.com/problems/merge-two-binary-trees,Easy,"Tree, DFS, BFS, Binary Tree",Sixty Basic,78.53%,98.53,108.53,,,,
621,Task Scheduler,https://www.leetcode.com/problems/delivering-boxes-from-storage-to-ports,Medium,"Array, Hash Table, Greedy, Sorting, Priority Queue, Counting",Grind 75,55.71%,100.71,100.71,,,,
624,Maximum Distance in Arrays,https://www.leetcode.com/problems/maximum-distance-in-arrays,Medium,"Array, Greedy",Curated Algo,41.71%,61.21,61.21,,,,
631,Design Excel Sum Formula,https://www.leetcode.com/problems/design-excel-sum-formula,Hard,"Graph, Design, Topological Sort",Curated Algo,43.30%,46.30,46.30,,,,
635,Design Log Storage System,https://www.leetcode.com/problems/design-log-storage-system,Medium,"Hash Table, String, Design, Ordered Set",Curated Algo,62.72%,89.72,89.72,,,,
642,Design Search Autocomplete System,https://www.leetcode.com/problems/design-search-autocomplete-system,Hard,"String, Design, Trie, Data Stream",Curated Algo,48.70%,58.70,58.70,,,,
644,Maximum Average Subarray II,https://www.leetcode.com/problems/maximum-average-subarray-ii,Hard,"Array, Binary Search, Prefix Sum",Curated Algo,35.77%,56.77,56.77,,,,
647,Palindromic Substrings,https://www.leetcode.com/problems/palindromic-substrings,Medium,"String, DP","Top Liked,Blind 75, Grind 75",66.35%,99.35,97.85,"same as longest palindromic string, each char in str as middle and expand outwards, do same for pali of even len; maybe read up on manachers alg",https://youtu.be/4RACzI5-du8,,
651,4 Keys Keyboard,https://www.leetcode.com/problems/4-keys-keyboard,Medium,"Math, DP",Curated Algo,54.44%,58.94,58.94,,,,
656,Coin Path,https://www.leetcode.com/problems/coin-path,Hard,"Array, DP",Curated Algo,31.59%,44.59,44.59,,,,
694,Number of Distinct Islands,https://www.leetcode.com/problems/number-of-distinct-islands,Medium,"Hash Table, DFS, BFS, Union Find, Hash Function",Curated Algo,60.59%,77.09,77.09,,,,
695,Max Area of Island,https://www.leetcode.com/problems/max-area-of-island,Medium,"Array, DFS, BFS, Union Find, Matrix",Sixty Basic,71.68%,94.18,101.68,,,,
716,Max Stack,https://www.leetcode.com/problems/max-stack,Hard,"Linked List, Stack, Design, Doubly-Linked List, Ordered Set",Curated Algo,45.30%,64.30,64.30,,,,
721,Accounts Merge,https://www.leetcode.com/problems/richest-customer-wealth,Medium,"Array, String, DFS, BFS, Union Find",Grind 75,56.35%,92.35,92.35,,,,
723,Candy Crush,https://www.leetcode.com/problems/candy-crush,Medium,"Array, Two Pointers, Matrix, Simulation",Curated Algo,76.40%,95.90,95.90,,,,
727,Minimum Window Subsequence,https://www.leetcode.com/problems/minimum-window-subsequence,Hard,"String, DP, Sliding Window",Curated Algo,42.83%,52.83,52.83,,,,
733,Flood Fill,https://www.leetcode.com/problems/jump-game-iv,Easy,"Array, DFS, BFS, Matrix",Grind 75,60.50%,94.50,94.50,,,,
734,Sentence Similarity,https://www.leetcode.com/problems/sentence-similarity,Easy,"Array, Hash Table, String",Curated Algo,43.05%,99.05,99.05,,,,
737,Sentence Similarity II,https://www.leetcode.com/problems/sentence-similarity-ii,Medium,"Array, Hash Table, String, DFS, BFS, Union Find",Curated Algo,48.73%,90.73,90.73,,,,
739,Daily Temperatures,https://www.leetcode.com/problems/daily-temperatures,Medium,"Array, Stack, Monotonic Stack",Top Liked,66.52%,98.02,98.02,,,,
743,Network Delay Time,https://www.leetcode.com/problems/network-delay-time,Medium,"DFS, BFS, Graph, Priority Queue, Shortest Path",Curated Algo,51.42%,55.92,55.92,,,,
751,IP to CIDR,https://www.leetcode.com/problems/ip-to-cidr,Medium,"String, Bit Manipulation",Curated Algo,54.66%,69.66,69.66,,,,
758,Bold Words in String,https://www.leetcode.com/problems/bold-words-in-string,Medium,"Array, Hash Table, String, Trie, String Matching",Curated Algo,50.63%,92.63,92.63,,,,
761,Special Binary String,https://www.leetcode.com/problems/special-binary-string,Hard,"String, Recursion",Curated Algo,60.35%,75.35,75.35,,,,
762,Prime Number of Set Bits in Binary Representation,https://www.leetcode.com/problems/prime-number-of-set-bits-in-binary-representation,Easy,"Math, Bit Manipulation",Curated Algo,67.71%,73.71,73.71,,,,
765,Couples Holding Hands,https://www.leetcode.com/problems/couples-holding-hands,Hard,"Greedy, DFS, BFS, Union Find, Graph",Curated Algo,56.84%,59.84,59.84,,,,
768,Max Chunks To Make Sorted II,https://www.leetcode.com/problems/max-chunks-to-make-sorted-ii,Hard,"Array, Stack, Greedy, Sorting, Monotonic Stack",Top Liked,52.76%,78.76,78.76,,,,
771,Jewels and Stones,https://www.leetcode.com/problems/jewels-and-stones,Easy,"Hash Table, String",Curated Algo,88.04%,124.04,124.04,,,,
785,Is Graph Bipartite?,https://www.leetcode.com/problems/is-graph-bipartite,Medium,"DFS, BFS, Union Find, Graph",Curated Algo,52.66%,57.16,57.16,,,,
786,K-th Smallest Prime Fraction,https://www.leetcode.com/problems/k-th-smallest-prime-fraction,Medium,"Array, Binary Search, Sorting, Priority Queue",Curated Algo,50.78%,89.78,89.78,,,,
788,Rotated Digits,https://www.leetcode.com/problems/rotated-digits,Medium,"Math, DP",Curated Algo,56.87%,61.37,61.37,,,,
789,Escape The Ghosts,https://www.leetcode.com/problems/escape-the-ghosts,Medium,"Array, Math",Sixty Basic,60.60%,83.10,90.60,,,,
791,Custom Sort String,https://www.leetcode.com/problems/custom-sort-string,Medium,"Hash Table, String, Sorting",Sixty Basic,69.36%,106.86,114.36,,,,
795,Number of Subarrays with Bounded Maximum,https://www.leetcode.com/problems/number-of-subarrays-with-bounded-maximum,Medium,"Array, Two Pointers",Sixty Basic,52.71%,75.21,82.71,,,,
850,Rectangle Area II,https://www.leetcode.com/problems/rectangle-area-ii,Hard,"Array, Segment Tree, Line Sweep, Ordered Set",Curated Algo,53.69%,66.69,66.69,,,,
865,Smallest Subtree with all the Deepest Nodes,https://www.leetcode.com/problems/smallest-subtree-with-all-the-deepest-nodes,Medium,"Hash Table, Tree, DFS, BFS, Binary Tree",Curated Algo,68.58%,92.58,92.58,,,,
876,Middle of the Linked List,https://www.leetcode.com/problems/maximum-font-to-fit-a-sentence-in-a-screen,Easy,"Linked List, Two Pointers",Grind 75,73.77%,103.77,103.77,,,,
965,Univalued Binary Tree,https://www.leetcode.com/problems/univalued-binary-tree,Easy,"Tree, DFS, BFS, Binary Tree",Sixty Basic,69.28%,89.28,99.28,,,,
973,K Closest Points to Origin,https://www.leetcode.com/problems/add-two-polynomials-represented-as-linked-lists,Medium,"Array, Math, Divide and Conquer, Geometry, Sorting, Priority Queue, Quickselect",Grind 75,65.85%,98.85,98.85,,,,
981,Time Based Key-Value Store,https://www.leetcode.com/problems/minimum-initial-energy-to-finish-tasks,Medium,"Hash Table, String, Binary Search, Design",Grind 75,53.50%,98.50,98.50,,,,
994,Rotting Oranges,https://www.leetcode.com/problems/lowest-common-ancestor-of-a-binary-tree-iii,Medium,"BFS, Matrix",Grind 75,52.48%,62.98,77.98,,,,
1036,Escape a Large Maze,https://www.leetcode.com/problems/escape-a-large-maze,Hard,"Array, Hash Table, DFS, BFS",Top Liked,34.24%,55.24,55.24,,,,
1051,Height Checker,https://www.leetcode.com/problems/height-checker,Easy,"Array, Sorting, Counting Sort",Curated Algo,75.05%,111.05,111.05,,,,
1052,Grumpy Bookstore Owner,https://www.leetcode.com/problems/grumpy-bookstore-owner,Medium,"Array, Sliding Window",Curated Algo,57.03%,76.53,76.53,,,,
1056,Confusing Number,https://www.leetcode.com/problems/confusing-number,Easy,Math,Sixty Basic,46.08%,56.08,66.08,,,,
1058,Minimize Rounding Error to Meet Target,https://www.leetcode.com/problems/minimize-rounding-error-to-meet-target,Medium,"Array, Math, String, Greedy",Curated Algo,44.86%,74.86,74.86,,,,
1059,All Paths from Source Lead to Destination,https://www.leetcode.com/problems/all-paths-from-source-lead-to-destination,Medium,"DFS, Graph",Curated Algo,40.30%,44.80,44.80,,,,
1060,Missing Element in Sorted Array,https://www.leetcode.com/problems/missing-element-in-sorted-array,Medium,"Array, Binary Search",Curated Algo,54.56%,86.06,86.06,,,,
1066,Campus Bikes II,https://www.leetcode.com/problems/campus-bikes-ii,Medium,"Array, DP, Backtracking, Bit Manipulation, Bitmask",Curated Algo,54.50%,74.00,74.00,,,,
1067,Digit Count in Range,https://www.leetcode.com/problems/digit-count-in-range,Hard,"Math, DP",Curated Algo,44.61%,47.61,47.61,,,,
1074,Number of Submatrices That Sum to Target,https://www.leetcode.com/problems/number-of-submatrices-that-sum-to-target,Hard,"Array, Hash Table, Matrix, Prefix Sum",Curated Algo,69.83%,90.83,90.83,,,,
1085,Sum of Digits in the Minimum Number,https://www.leetcode.com/problems/sum-of-digits-in-the-minimum-number,Easy,"Array, Math",Curated Algo,75.95%,101.95,101.95,,,,
1090,Largest Values From Labels,https://www.leetcode.com/problems/largest-values-from-labels,Medium,"Array, Hash Table, Greedy, Sorting, Counting",Curated Algo,60.88%,99.88,99.88,,,,
1091,Shortest Path in Binary Matrix,https://www.leetcode.com/problems/shortest-path-in-binary-matrix,Medium,"Array, BFS, Matrix",Curated Algo,44.48%,63.98,63.98,,,,
1099,Two Sum Less Than K,https://www.leetcode.com/problems/two-sum-less-than-k,Easy,"Array, Two Pointers, Binary Search, Sorting",Curated Algo,60.40%,112.40,112.40,,,,
1100,Find K-Length Substrings With No Repeated Characters,https://www.leetcode.com/problems/find-k-length-substrings-with-no-repeated-characters,Medium,"Hash Table, String, Sliding Window",Curated Algo,74.61%,101.61,101.61,,,,
1101,The Earliest Moment When Everyone Become Friends,https://www.leetcode.com/problems/the-earliest-moment-when-everyone-become-friends,Medium,"Array, Union Find",Curated Algo,64.99%,84.49,84.49,,,,
1102,Path With Maximum Minimum Value,https://www.leetcode.com/problems/path-with-maximum-minimum-value,Medium,"Array, DFS, BFS, Union Find, Priority Queue, Matrix",Curated Algo,53.30%,72.80,72.80,,,,
1123,Lowest Common Ancestor of Deepest Leaves,https://www.leetcode.com/problems/lowest-common-ancestor-of-deepest-leaves,Medium,"Hash Table, Tree, DFS, BFS, Binary Tree","Curated Algo,Blind 75, Grind 75",70.59%,112.59,111.09,"compare p, q values to curr node, base case: one is in left, other in right subtree, then curr is lca;",https://youtu.be/gs2LMfuOR9k,,
1124,Longest Well-Performing Interval,https://www.leetcode.com/problems/longest-well-performing-interval,Medium,"Array, Hash Table, Stack, Monotonic Stack, Prefix Sum",Curated Algo,34.59%,78.09,78.09,,,,
1125,Smallest Sufficient Team,https://www.leetcode.com/problems/smallest-sufficient-team,Hard,"Array, DP, Bit Manipulation, Bitmask",Curated Algo,47.09%,60.09,60.09,,,,
1131,Maximum of Absolute Value Expression,https://www.leetcode.com/problems/maximum-of-absolute-value-expression,Medium,"Array, Math",Curated Algo,49.46%,68.96,68.96,,,,
1134,Armstrong Number,https://www.leetcode.com/problems/armstrong-number,Easy,Math,Curated Algo,78.14%,84.14,84.14,,,,
1143,Longest Common Subsequence,https://www.leetcode.com/problems/longest-common-subsequence,Medium,"String, DP","Curated Algo,Blind 75, Grind 75",58.77%,91.77,90.27,"recursive: if first chars are equal find lcs of remaining of each, else max of: lcs of first and remain of 2nd and lcs of 2nd remain of first, cache result; nested forloop to compute the cache without recursion;",https://youtu.be/Ua0GhsJSlWM,,
1144,Decrease Elements To Make Array Zigzag,https://www.leetcode.com/problems/decrease-elements-to-make-array-zigzag,Medium,"Array, Greedy",Curated Algo,47.01%,66.51,66.51,,,,
1150,Check If a Number Is Majority Element in a Sorted Array,https://www.leetcode.com/problems/check-if-a-number-is-majority-element-in-a-sorted-array,Easy,"Array, Binary Search",Curated Algo,56.87%,98.87,98.87,,,,
1152,Analyze User Website Visit Pattern,https://www.leetcode.com/problems/analyze-user-website-visit-pattern,Medium,"Array, Hash Table, Sorting",Curated Algo,43.38%,82.38,82.38,,,,
1165,Single-Row Keyboard,https://www.leetcode.com/problems/single-row-keyboard,Easy,"Hash Table, String",Curated Algo,85.74%,121.74,121.74,,,,
1167,Minimum Cost to Connect Sticks,https://www.leetcode.com/problems/minimum-cost-to-connect-sticks,Medium,"Array, Greedy, Priority Queue",Curated Algo,67.71%,87.21,87.21,,,,
1176,Diet Plan Performance,https://www.leetcode.com/problems/diet-plan-performance,Easy,"Array, Sliding Window",Curated Algo,52.39%,78.39,78.39,,,,
1177,Can Make Palindrome from Substring,https://www.leetcode.com/problems/can-make-palindrome-from-substring,Medium,"Hash Table, String, Bit Manipulation, Prefix Sum",Curated Algo,37.95%,64.95,64.95,,,,
1178,Number of Valid Words for Each Puzzle,https://www.leetcode.com/problems/number-of-valid-words-for-each-puzzle,Hard,"Array, Hash Table, String, Bit Manipulation, Trie",Curated Algo,46.55%,74.55,74.55,,,,
1192,Critical Connections in a Network,https://www.leetcode.com/problems/critical-connections-in-a-network,Hard,"DFS, Graph, Biconnected Component",Curated Algo,54.48%,57.48,57.48,,,,
1200,Minimum Absolute Difference,https://www.leetcode.com/problems/minimum-absolute-difference,Easy,"Array, Sorting",Curated Algo,69.78%,105.78,105.78,,,,
1213,Intersection of Three Sorted Arrays,https://www.leetcode.com/problems/intersection-of-three-sorted-arrays,Easy,"Array, Hash Table, Binary Search, Counting",Curated Algo,79.98%,137.98,137.98,,,,
1233,Remove Sub-Folders from the Filesystem,https://www.leetcode.com/problems/remove-sub-folders-from-the-filesystem,Medium,"Array, String, Trie",Curated Algo,65.42%,95.42,95.42,,,,
1235,Maximum Profit in Job Scheduling,https://www.leetcode.com/problems/minimum-adjacent-swaps-for-k-consecutive-ones,Hard,"Array, Binary Search, DP, Sorting",Grind 75,51.13%,81.13,81.13,,,,
1250,Check If It Is a Good Array,https://www.leetcode.com/problems/check-if-it-is-a-good-array,Hard,"Array, Math, Number Theory","Top Liked,Blind 75, Grind 75",58.86%,83.86,82.86,,,,
1271,Hexspeak,https://www.leetcode.com/problems/hexspeak,Easy,"Math, String",Curated Algo,56.92%,76.92,76.92,,,,
1345,Jump Game IV,https://www.leetcode.com/problems/jump-game-iv,Hard,"Array, Hash Table, BFS",Curated Algo,44.02%,65.02,65.02,,,,
1366,Rank Teams by Votes,https://www.leetcode.com/problems/rank-teams-by-votes,Medium,"Array, Hash Table, String, Sorting, Counting",Curated Algo,58.61%,108.11,108.11,,,,
1374,Generate a String With Characters That Have Odd Counts,https://www.leetcode.com/problems/generate-a-string-with-characters-that-have-odd-counts,Easy,String,Curated Algo,77.55%,97.55,97.55,,,,
1391,Check if There is a Valid Path in a Grid,https://www.leetcode.com/problems/check-if-there-is-a-valid-path-in-a-grid,Medium,"Array, DFS, BFS, Union Find, Matrix",Curated Algo,47.19%,66.69,66.69,,,,
1404,Number of Steps to Reduce a Number in Binary Representation to One,https://www.leetcode.com/problems/number-of-steps-to-reduce-a-number-in-binary-representation-to-one,Medium,"String, Bit Manipulation",Curated Algo,52.07%,67.07,67.07,,,,
1559,Detect Cycles in 2D Grid,https://www.leetcode.com/problems/detect-cycles-in-2d-grid,Medium,"Array, DFS, BFS, Union Find, Matrix","Blind 75, Grind 75",48.10%,82.60,81.10,"dict to remember visited nodes; two pointers at different speeds, if they meet there is loop",https://youtu.be/gBTe7lFR3vc,,
1618,Maximum Font to Fit a Sentence in a Screen,https://www.leetcode.com/problems/maximum-font-to-fit-a-sentence-in-a-screen,Medium,"Array, String, Binary Search, Interactive",Curated Algo,59.04%,101.04,101.04,,,,
1624,Largest Substring Between Two Equal Characters,https://www.leetcode.com/problems/largest-substring-between-two-equal-characters,Easy,"Hash Table, String",Curated Algo,59.03%,95.03,95.03,,,,
1634,Add Two Polynomials Represented as Linked Lists,https://www.leetcode.com/problems/add-two-polynomials-represented-as-linked-lists,Medium,"Linked List, Math, Two Pointers",Curated Algo,53.49%,69.99,69.99,,,,
1650,Lowest Common Ancestor of a Binary Tree III,https://www.leetcode.com/problems/lowest-common-ancestor-of-a-binary-tree-iii,Medium,"Hash Table, Tree, Binary Tree",Curated Algo,77.28%,101.28,101.28,,,,
1665,Minimum Initial Energy to Finish Tasks,https://www.leetcode.com/problems/minimum-initial-energy-to-finish-tasks,Hard,"Array, Greedy, Sorting",Curated Algo,56.10%,74.10,74.10,,,,
1672,Richest Customer Wealth,https://www.leetcode.com/problems/richest-customer-wealth,Easy,"Array, Matrix",Curated Algo,88.33%,114.33,114.33,,,,
1681,Minimum Incompatibility,https://www.leetcode.com/problems/minimum-incompatibility,Hard,"Array, DP, Bit Manipulation, Bitmask",Curated Algo,37.32%,50.32,50.32,,,,
1687,Delivering Boxes from Storage to Ports,https://www.leetcode.com/problems/delivering-boxes-from-storage-to-ports,Hard,"Array, DP, Segment Tree, Queue, Priority Queue, Monotonic Queue",Curated Algo,38.36%,51.36,51.36,,,,
1703,Minimum Adjacent Swaps for K Consecutive Ones,https://www.leetcode.com/problems/minimum-adjacent-swaps-for-k-consecutive-ones,Hard,"Array, Greedy, Sliding Window, Prefix Sum",Curated Algo,41.98%,54.98,54.98,,,,